epoch,step,name,value
1,1,loss,22.535978317260742
1,101,loss,9.015273094177246
1,201,loss,9.333918571472168
1,301,loss,8.575709342956543
1,401,loss,8.711223602294922
1,501,loss,9.063549995422363
1,601,loss,9.908476829528809
1,701,loss,9.41627311706543
1,801,loss,9.44184398651123
1,901,loss,8.524133682250977
1,1001,loss,8.526409149169922
