{
    "PREP": 3.2472984790802,
    "EPOCHS": [
        252.64553570747375,
        253.52941346168518,
        252.91366386413574,
        252.21814155578613,
        251.7130572795868,
        252.37934947013855,
        253.71661949157715,
        252.42263221740723,
        251.95634293556213,
        252.29224705696106
    ],
    "EVAL": 3.672394037246704
}