{
    "PREP": 3.3696975708007812,
    "EPOCHS": [
        253.2065613269806,
        253.0406813621521,
        252.53739666938782,
        252.0480396747589,
        254.6214678287506,
        253.9837327003479,
        253.9099519252777
    ],
    "EVAL": 3.7855277061462402
}