{
    "PREP": 3.253814697265625,
    "EPOCHS": [
        253.5297989845276,
        252.539892911911,
        252.2143063545227,
        252.5165548324585,
        252.34318733215332,
        253.40542006492615,
        253.51469159126282,
        252.9702649116516,
        252.8268756866455
    ],
    "EVAL": 3.813352108001709
}