{
    "PREP": 4.723783254623413,
    "EPOCHS": [
        164.34535002708435,
        163.27967882156372,
        163.31608891487122,
        163.69341826438904,
        163.56398487091064,
        163.25745820999146,
        163.953360080719
    ],
    "EVAL": 2.037559986114502
}