{
    "PREP": 3.2357804775238037,
    "EPOCHS": [
        343.713889837265,
        343.7316789627075,
        342.7876787185669,
        343.44406747817993,
        343.15442299842834,
        343.72165536880493,
        343.27543902397156,
        343.0928735733032,
        344.11898016929626
    ],
    "EVAL": 5.663700580596924
}