{
    "PREP": 3.192525863647461,
    "EPOCHS": [
        252.80347681045532,
        252.5886697769165,
        252.91764855384827,
        252.58155798912048,
        252.7610445022583,
        252.85117721557617,
        253.06509566307068,
        253.65701746940613
    ],
    "EVAL": 3.9976680278778076
}