{
    "PREP": 3.759753942489624,
    "EPOCHS": [
        253.15837454795837,
        252.48600029945374,
        253.31920957565308,
        252.63107895851135,
        252.80771780014038,
        252.77799820899963,
        252.63361763954163,
        251.53302240371704,
        253.47346305847168
    ],
    "EVAL": 3.706939220428467
}