{
    "PREP": 3.287971019744873,
    "EPOCHS": [
        253.4118673801422,
        253.4034390449524,
        253.03751873970032,
        252.65235495567322,
        252.7870659828186,
        253.57557606697083,
        252.62003993988037,
        252.7400417327881
    ],
    "EVAL": 3.890946388244629
}