{
    "PREP": 6.342441558837891,
    "EPOCHS": [
        4503.194858312607
    ],
    "EVAL": 21298.734789133072
}