{
    "PREP": 2.86942458152771,
    "EPOCHS": [
        343.1713230609894,
        345.4936366081238,
        344.3023290634155,
        342.8429841995239,
        341.76849365234375
    ]
}