{
    "PREP": 3.176339626312256,
    "EPOCHS": [
        163.74630308151245,
        163.2203130722046,
        163.64427089691162,
        163.2010736465454,
        163.63547134399414,
        163.46814799308777,
        162.85744905471802,
        163.0026078224182
    ],
    "EVAL": 1.9349915981292725
}