{
    "PREP": 5.119370698928833,
    "EPOCHS": [
        163.96546173095703,
        163.66526079177856,
        163.90723037719727,
        163.04134392738342,
        163.29018187522888,
        163.05104041099548,
        163.22979021072388,
        164.77547764778137
    ],
    "EVAL": 2.028087615966797
}