{
    "PREP": 3.7639858722686768,
    "EPOCHS": [
        345.76969504356384,
        343.7778778076172,
        343.9987850189209,
        344.0786442756653,
        344.2164931297302,
        342.4640691280365,
        344.6280059814453
    ],
    "EVAL": 5.893330812454224
}