{
    "PREP": 3.2217371463775635,
    "EPOCHS": [
        164.2752561569214,
        163.3750443458557,
        162.77949333190918,
        162.59582090377808,
        163.993262052536,
        163.63317823410034,
        163.2708718776703,
        163.61630868911743,
        162.58168053627014
    ],
    "EVAL": 1.9272394180297852
}