{
    "PREP": 3.2233080863952637,
    "EPOCHS": [
        254.12475204467773,
        252.46234226226807,
        252.5779414176941,
        251.7652232646942,
        252.39442825317383,
        252.69656825065613,
        252.32528471946716
    ],
    "EVAL": 3.721625804901123
}