{
    "PREP": 3.2605597972869873,
    "EPOCHS": [
        345.0950984954834,
        344.3848247528076,
        343.73410201072693,
        344.2881090641022,
        343.56265926361084,
        344.7783160209656,
        344.33533215522766,
        342.8766145706177
    ],
    "EVAL": 5.759655714035034
}