{
    "PREP": 5.3743369579315186,
    "EPOCHS": [
        163.49283003807068,
        164.22206568717957,
        163.38457369804382,
        163.92780208587646,
        163.63149166107178,
        165.08038926124573,
        163.46599078178406,
        163.5084934234619,
        163.15343141555786
    ],
    "EVAL": 2.0668418407440186
}