{
    "PREP": 3.312304973602295,
    "EPOCHS": [
        163.45574569702148,
        163.76524424552917,
        163.1697871685028,
        163.2320113182068,
        163.03029799461365,
        163.56203508377075,
        163.47627687454224,
        163.2668902873993
    ],
    "EVAL": 2.1339609622955322
}