{
    "PREP": 3.295004367828369,
    "EPOCHS": [
        254.43495225906372,
        252.88310050964355,
        252.41527128219604,
        254.60699152946472,
        252.43901109695435,
        252.08373093605042,
        252.7309455871582,
        252.7587149143219,
        252.94002032279968,
        252.42118048667908
    ],
    "EVAL": 3.8466579914093018
}