{
    "PREP": 3.2218451499938965,
    "EPOCHS": [
        162.86441326141357,
        163.9862596988678,
        163.38535690307617,
        163.59350895881653,
        163.00329089164734,
        162.7765440940857,
        163.1029691696167,
        163.13112616539001,
        163.25798773765564,
        163.26838040351868
    ],
    "EVAL": 1.867447853088379
}