{
    "PREP": 3.887972593307495,
    "EPOCHS": [
        342.8301236629486,
        343.3838520050049,
        343.4641623497009,
        343.61301589012146,
        344.4201283454895,
        345.6742515563965,
        343.9677560329437
    ],
    "EVAL": 5.8650429248809814
}