{
    "PREP": 3.1770505905151367,
    "EPOCHS": [
        164.10491681098938,
        164.55157113075256,
        164.29909801483154,
        163.59414076805115,
        162.91517281532288,
        162.88605499267578,
        163.40229535102844,
        163.6634166240692,
        163.71927666664124
    ],
    "EVAL": 1.9486083984375
}