{
    "PREP": 3.27622127532959,
    "EPOCHS": [
        164.46004366874695,
        163.7264757156372,
        163.32951164245605,
        163.19376134872437,
        163.64961743354797,
        163.28565454483032,
        163.646666765213
    ],
    "EVAL": 1.9800081253051758
}