{
    "PREP": 2.8482749462127686,
    "EPOCHS": [
        67.86200141906738,
        68.11001086235046,
        68.04157376289368,
        68.85985517501831,
        68.44817519187927
    ]
}