{
    "PREP": 31.495293855667114,
    "EPOCHS": [
        252.92866706848145,
        253.59437489509583,
        253.01824474334717,
        252.34175968170166,
        252.40815424919128,
        252.4555859565735,
        253.74632453918457,
        252.8886387348175,
        253.5153830051422,
        253.01583170890808
    ],
    "EVAL": 4.152240037918091
}