{
    "PREP": 3.256399393081665,
    "EPOCHS": [
        344.69868087768555,
        344.45748019218445,
        344.1293613910675,
        344.14181756973267,
        343.9270234107971,
        344.1363582611084,
        344.96615982055664,
        343.70665407180786,
        343.9952793121338,
        343.3304440975189
    ],
    "EVAL": 5.846523284912109
}