{
    "PREP": 3.184140682220459,
    "EPOCHS": [
        163.896381855011,
        163.42207717895508,
        163.03036522865295,
        163.28146266937256,
        163.34467434883118,
        163.68949842453003,
        163.0999391078949,
        163.6310932636261,
        163.20807361602783,
        163.10462260246277
    ],
    "EVAL": 1.9735069274902344
}