{
    "PREP": 3.279066562652588,
    "EPOCHS": [
        343.79823112487793,
        343.5388214588165,
        344.68247985839844,
        344.0467436313629,
        343.1201002597809,
        345.54124569892883,
        343.0008451938629,
        344.3272395133972,
        344.4846248626709,
        343.9916367530823
    ],
    "EVAL": 5.768993854522705
}