{
    "PREP": 3.20847225189209,
    "EPOCHS": [
        164.24094438552856,
        163.0099380016327,
        163.7874677181244,
        163.08559107780457,
        163.68697237968445,
        163.10279607772827,
        163.16396594047546
    ],
    "EVAL": 2.183990478515625
}