{
    "PREP": 3.3068344593048096,
    "EPOCHS": [
        253.244473695755,
        251.97539901733398,
        252.21772599220276,
        252.84427666664124,
        252.13601851463318,
        252.47992944717407,
        252.64568972587585,
        252.86494302749634
    ],
    "EVAL": 3.724651336669922
}